<?xml version="1.0" encoding="UTF-8" standalone="yes"?>
<addon id="repository.mang.pakundo.addons" name="mang.pakundo Add-ons" version="0.0.1" provider-name="mang.pakundo">
	<extension point="xbmc.addon.repository" name="mang.pakundo Add-ons">
		<info compressed="false">http://mang-pakundo-tv.googlecode.com/git/addons.xml</info>
		<checksum>http://mang-pakundo-tv.googlecode.com/git/addons.xml.md5</checksum>
		<datadir zip="false">http://mang-pakundo-tv.googlecode.com/git/</datadir>
	</extension>
	<extension point="xbmc.addon.metadata">
		<summary>XBMC Plugins</summary>
		<description>Install XBMC Plugins</description>
		<disclaimer>No warranty here.</disclaimer>
		<language>en</language>
		<platform>all</platform>
	</extension>
</addon>
