<?xml version="1.0" encoding="UTF-8" standalone="yes"?>
<addon id="plugin.video.iwantv" name="iWantv" version="1.0.4" provider-name="mang.pakundo">
    <requires>
        <import addon="xbmc.python" version="2.1.0"/>
    </requires>
    <extension point="xbmc.python.pluginsource" library="default.py">
        <provides>video</provides>
    </extension>
  <extension point="xbmc.addon.metadata">
    <platform>all</platform>
    <summary>iWantv</summary>
    <description>An iWantv account is required.</description>
  </extension>
</addon>
